Name,Year,URL,Description
1,The Shawshank Redemption,1994,https://boxd.it/2aHi,
2,Reservoir Dogs,1992,https://boxd.it/2agc,
3,Fight Club,1999,https://boxd.it/2a9q,
4,Get Out,2017,https://boxd.it/eOCm,
5,Platoon,1986,https://boxd.it/29BS,
6,A Tale of Two Sisters,2003,https://boxd.it/248m,
7,A Clockwork Orange,1971,https://boxd.it/2aVE,
8,The Silence of the Lambs,1991,https://boxd.it/2aHW,
9,Captain America: The Winter Soldier,2014,https://boxd.it/3r58,
10,Silent Hill,2006,https://boxd.it/2a3C,
11,Halloween,1978,https://boxd.it/2wRu,
12,Night of the Living Dead,1968,https://boxd.it/1WwA,
13,The Prestige,2006,https://boxd.it/293w,
14,Shaun of the Dead,2004,https://boxd.it/29J8,
15,Being John Malkovich,1999,https://boxd.it/2ahu,
16,Call Me by Your Name,2017,https://boxd.it/dYmm,
17,Ford v Ferrari,2019,https://boxd.it/ce74,
18,GoodFellas,1990,https://boxd.it/29FA,
19,Hot Fuzz,2007,https://boxd.it/2416,
20,Spirited Away,2001,https://boxd.it/2b4m,
21,Eternal Sunshine of the Spotless Mind,2004,https://boxd.it/6YK,
22,Boogie Nights,1997,https://boxd.it/23um,
23,Life of Pi,2012,https://boxd.it/37pC,
24,The Witch,2015,https://boxd.it/9X0m,
25,"O Brother, Where Art Thou?",2000,https://boxd.it/2b3I,
26,Shutter Island,2010,https://boxd.it/1U82,
27,Dawn of the Dead,1978,https://boxd.it/29gU,
28,Groundhog Day,1993,https://boxd.it/2b3e,
29,Black Panther,2018,https://boxd.it/8MHs,
30,Back to the Future Part II,1989,https://boxd.it/2aYI,
31,Blade Runner 2049,2017,https://boxd.it/b8wK,
32,The Exorcist,1973,https://boxd.it/1Yoo,
33,Scott Pilgrim vs. the World,2010,https://boxd.it/1Aq6,
34,Schindler's List,1993,https://boxd.it/2aq2,
35,One Hour Photo,2002,https://boxd.it/1YT2,
36,A Fistful of Dollars,1964,https://boxd.it/2auo,
37,Pan's Labyrinth,2006,https://boxd.it/28No,
38,Hereditary,2018,https://boxd.it/hNVe,
39,Rocketman,2019,https://boxd.it/iehK,
40,Pineapple Express,2008,https://boxd.it/1WRS,
41,Jackie Brown,1997,https://boxd.it/2aVO,
42,BlacKkKlansman,2018,https://boxd.it/hxL8,
43,Gone Girl,2014,https://boxd.it/6hQu,
44,WALL·E,2008,https://boxd.it/1VEo,
45,Birdman or (The Unexpected Virtue of Ignorance),2014,https://boxd.it/5RFA,
46,A Quiet Place,2018,https://boxd.it/fVJQ,
47,District 9,2009,https://boxd.it/1Iik,
48,Alien Resurrection,1997,https://boxd.it/20zI,
49,300,2006,https://boxd.it/28XI,
50,Inception,2010,https://boxd.it/1skk,
51,Dawn of the Planet of the Apes,2014,https://boxd.it/3XyQ,
52,The Truman Show,1998,https://boxd.it/18U8,
53,Brokeback Mountain,2005,https://boxd.it/2b2q,
54,127 Hours,2010,https://boxd.it/SLa,
55,The Godfather: Part II,1974,https://boxd.it/2aNq,
56,Godzilla: King of the Monsters,2019,https://boxd.it/cY7Y,
57,The Imitation Game,2014,https://boxd.it/6aig,
58,1917,2019,https://boxd.it/jj4y,
59,No Country for Old Men,2007,https://boxd.it/21ew,
60,Les Misérables,2012,https://boxd.it/2TT4,
61,Requiem for a Dream,2000,https://boxd.it/29VI,
62,Guardians of the Galaxy,2014,https://boxd.it/3VH2,
63,Moonlight,2016,https://boxd.it/d6bE,
64,Indiana Jones and the Last Crusade,1989,https://boxd.it/2baO,
65,10 Cloverfield Lane,2016,https://boxd.it/aZiu,
66,Good Will Hunting,1997,https://boxd.it/2ahY,
67,Midsommar,2019,https://boxd.it/jhxe,
68,Isle of Dogs,2018,https://boxd.it/dZrW,
69,Bird Box,2018,https://boxd.it/eh1i,
70,Eyes Wide Shut,1999,https://boxd.it/2axs,
71,Joker,2019,https://boxd.it/h4cS,
72,Kong: Skull Island,2017,https://boxd.it/9ewM,
73,The Lighthouse,2019,https://boxd.it/icFU,
74,Birds of Prey (and the Fantabulous Emancipation of One Harley Quinn),2020,https://boxd.it/hSyO,
75,About Time,2013,https://boxd.it/43bI,
76,28 Days Later,2002,https://boxd.it/2aXU,
77,Jaws,1975,https://boxd.it/2a5e,
78,Soul,2020,https://boxd.it/ioLA,
79,Crazy Rich Asians,2018,https://boxd.it/gfnK,
80,Parasite,2019,https://boxd.it/hTha,
81,The Proposal,2009,https://boxd.it/1HiS,
82,Big Hero 6,2014,https://boxd.it/5rje,
83,Children of Men,2006,https://boxd.it/1Y2i,
84,Apocalypse Now,1979,https://boxd.it/6ZS,
85,The Godfather,1972,https://boxd.it/2aNK,
86,Inglourious Basterds,2009,https://boxd.it/1JzG,
87,Howl's Moving Castle,2004,https://boxd.it/23De,
88,Bad Education,2004,https://boxd.it/2b2K,
89,American Psycho,2000,https://boxd.it/28Vs,
90,Up,2009,https://boxd.it/1OEc,
91,Interstellar,2014,https://boxd.it/4VZ8,
92,Bad Boys II,2003,https://boxd.it/1ZuW,
93,Uncut Gems,2019,https://boxd.it/gXGc,
94,Minari,2020,https://boxd.it/mL9M,
95,Back to the Future,1985,https://boxd.it/2b8e,
96,Zodiac,2007,https://boxd.it/27MO,
97,Saving Private Ryan,1998,https://boxd.it/29ro,
98,The Grand Budapest Hotel,2014,https://boxd.it/3ZqO,
99,Color Out of Space,2019,https://boxd.it/k1HY,
100,The Cabin in the Woods,2011,https://boxd.it/1zOc,
101,Mad Max: Fury Road,2015,https://boxd.it/2DjO,
102,Into the Wild,2007,https://boxd.it/22m2,
103,Baby Driver,2017,https://boxd.it/bhF2,
104,Se7en,1995,https://boxd.it/29zs,
105,Whiplash,2014,https://boxd.it/7bQA,
106,The Dark Knight,2008,https://boxd.it/2b0k,
107,Monty Python and the Holy Grail,1975,https://boxd.it/29GI,
108,Fruitvale Station,2013,https://boxd.it/4VRy,
109,Blade Runner,1982,https://boxd.it/2bcA,
110,One Flew Over the Cuckoo's Nest,1975,https://boxd.it/2aeA,
111,12 Years a Slave,2013,https://boxd.it/2D2e,
112,Modern Times,1936,https://boxd.it/25MC,
113,Avengers: Endgame,2019,https://boxd.it/9vE4,
114,The Hitchhiker's Guide to the Galaxy,2005,https://boxd.it/20VE,
115,The Shining,1980,https://boxd.it/29Nu,
116,Catch Me If You Can,2002,https://boxd.it/29VS,
117,Oldboy,2003,https://boxd.it/29R2,
118,Ant-Man,2015,https://boxd.it/3vmW,
119,Bad Boys,1995,https://boxd.it/1XVG,
120,Avatar,2009,https://boxd.it/1Efm,
121,Alien: Covenant,2017,https://boxd.it/49UY,
122,The Usual Suspects,1995,https://boxd.it/29XE,
123,The Big Lebowski,1998,https://boxd.it/2b6C,
124,It,2017,https://boxd.it/bC8e,
125,The Big Sick,2017,https://boxd.it/eHvy,
126,Gran Torino,2008,https://boxd.it/1Qzy,
127,Pretty Woman,1990,https://boxd.it/2b6M,
128,Full Metal Jacket,1987,https://boxd.it/2a1Q,
129,Dirty Dancing,1987,https://boxd.it/2baY,
130,Jurassic Park,1993,https://boxd.it/2aA2,
131,Logan,2017,https://boxd.it/7Piy,
132,Django Unchained,2012,https://boxd.it/2cCk,
133,Knives Out,2019,https://boxd.it/jWEA,
134,Rango,2011,https://boxd.it/QPk,
135,We're the Millers,2013,https://boxd.it/4srQ,
136,Notting Hill,1999,https://boxd.it/2aeK,
137,Sunset Boulevard,1950,https://boxd.it/2a20,
138,The Breakfast Club,1985,https://boxd.it/27q4,
139,The Big Short,2015,https://boxd.it/ajZw,
140,Her,2013,https://boxd.it/4O24,
141,Jojo Rabbit,2019,https://boxd.it/iEBG,
142,Arrival,2016,https://boxd.it/aNGk,
143,Thor: Ragnarok,2017,https://boxd.it/8MHi,
144,Sleepless in Seattle,1993,https://boxd.it/29re,
145,Talladega Nights: The Ballad of Ricky Bobby,2006,https://boxd.it/1XYq,
146,The Social Network,2010,https://boxd.it/17ue,
147,Black Swan,2010,https://boxd.it/Sw0,
148,The Goonies,1985,https://boxd.it/1YVC,
149,Free Solo,2018,https://boxd.it/iEEq,
150,Amadeus,1984,https://boxd.it/2aH8,
151,Galaxy Quest,1999,https://boxd.it/29gq,
152,The Hurt Locker,2008,https://boxd.it/1Soi,
153,Moulin Rouge!,2001,https://boxd.it/29wI,
154,Mrs. Doubtfire,1993,https://boxd.it/29Cw,
155,The King's Speech,2010,https://boxd.it/dX0,
156,Gremlins,1984,https://boxd.it/29gg,
157,The Lego Movie,2014,https://boxd.it/4pDO,
158,Mud,2012,https://boxd.it/3wPA,
159,"Crouching Tiger, Hidden Dragon",2000,https://boxd.it/2b1M,
160,Slumdog Millionaire,2008,https://boxd.it/1S3E,
161,Who Framed Roger Rabbit,1988,https://boxd.it/29ry,
162,The Revenant,2015,https://boxd.it/8H5e,
163,Braveheart,1995,https://boxd.it/2aTI,
164,La La Land,2016,https://boxd.it/a5fa,
165,The Secret Life of Walter Mitty,2013,https://boxd.it/3SWy,
166,Hero,2002,https://boxd.it/2bcq,
167,The Martian,2015,https://boxd.it/8SeG,
168,The Mummy,1999,https://boxd.it/2a7a,
169,When Harry Met Sally...,1989,https://boxd.it/29W2,
170,Aladdin,1992,https://boxd.it/29yE,
171,Captain Phillips,2013,https://boxd.it/3GPK,
172,Dead Poets Society,1989,https://boxd.it/2aSg,
173,The Notebook,2004,https://boxd.it/1UNE,
174,Now You See Me,2013,https://boxd.it/2Bsu,
175,The Gentlemen,2019,https://boxd.it/iYBQ,
176,The Theory of Everything,2014,https://boxd.it/7YtA,
177,Rocky,1976,https://boxd.it/28Uk,
178,King Kong,2005,https://boxd.it/2aLa,
179,Air Force One,1997,https://boxd.it/1XQw,
180,Beverly Hills Cop,1984,https://boxd.it/2baE,
181,Titanic,1997,https://boxd.it/2a2k,
182,A Beautiful Mind,2001,https://boxd.it/2amk,
183,Us,2019,https://boxd.it/gnV6,
184,The Suicide Squad,2021,https://boxd.it/fw6O,
185,Life of Brian,1979,https://boxd.it/2a4q,
186,2001: A Space Odyssey,1968,https://boxd.it/2bf0,
187,Cool Runnings,1993,https://boxd.it/29qg,
188,Deadpool,2016,https://boxd.it/9fOC,
189,I Am Legend,2007,https://boxd.it/21DG,
190,RoboCop,1987,https://boxd.it/22Wu,
191,Sicario,2015,https://boxd.it/8i7u,
192,Fantasia,1940,https://boxd.it/29HG,
193,Dredd,2012,https://boxd.it/GZE,
194,Caddyshack,1980,https://boxd.it/1SCO,
195,Casino Royale,2006,https://boxd.it/1alk,
196,Tropic Thunder,2008,https://boxd.it/20WM,
197,American Hustle,2013,https://boxd.it/5dz8,
198,Ad Astra,2019,https://boxd.it/ePzI,
199,Fantastic Mr. Fox,2009,https://boxd.it/1WyQ,
200,School of Rock,2003,https://boxd.it/28xK,
201,The Matrix,1999,https://boxd.it/2a1m,
202,Dunkirk,2017,https://boxd.it/d0Y6,
203,Eternals,2021,https://boxd.it/j36o,
204,The Lord of the Rings: The Fellowship of the Ring,2001,https://boxd.it/2b5O,
205,Harry Potter and the Chamber of Secrets,2002,https://boxd.it/29QI,
206,Juno,2007,https://boxd.it/210a,
207,Chitty Chitty Bang Bang,1968,https://boxd.it/1Tbu,
208,The Tree of Life,2011,https://boxd.it/1Zu8,
209,Prisoners,2013,https://boxd.it/4E5i,
210,Zoolander,2001,https://boxd.it/1YMA,
211,Pierrot le Fou,1965,https://boxd.it/26j2,
212,A Few Good Men,1992,https://boxd.it/29nw,
213,Chariots of Fire,1981,https://boxd.it/1YFu,
214,The World's End,2013,https://boxd.it/3EiO,
215,Austin Powers: International Man of Mystery,1997,https://boxd.it/29y0,
216,Fast Times at Ridgemont High,1982,https://boxd.it/1QnM,
217,The Incredibles,2004,https://boxd.it/1XLm,
218,Anaconda,1997,https://boxd.it/1YSy,
219,Memento,2000,https://boxd.it/2bcK,
220,Armageddon,1998,https://boxd.it/2b9Q,
221,Saw,2004,https://boxd.it/2aWW,
222,Amistad,1997,https://boxd.it/1SZ4,
223,Frozen,2013,https://boxd.it/3GNa,
224,Grease,1978,https://boxd.it/29YW,
225,The Thing,1982,https://boxd.it/294O,
226,Marriage Story,2019,https://boxd.it/hJAw,
227,A Nightmare on Elm Street,1984,https://boxd.it/2aw0,
228,The Amazing Spider-Man,2012,https://boxd.it/27PI,
229,Bronson,2008,https://boxd.it/1GM8,
230,Annie,1982,https://boxd.it/1LCi,
231,The Muppets,2011,https://boxd.it/1zg,
232,The Hangover,2009,https://boxd.it/1GjK,
233,Frankenstein,1931,https://boxd.it/25Te,
234,Halloween II,1981,https://boxd.it/1UeE,
235,Ghostbusters,1984,https://boxd.it/g2w,
236,Hugo,2011,https://boxd.it/R08,
237,Gladiator,2000,https://boxd.it/2b9m,
238,Escape from Alcatraz,1979,https://boxd.it/1Vwk,
239,The Mask,1994,https://boxd.it/29rS,
240,Gravity,2013,https://boxd.it/GZY,
241,Men in Black,1997,https://boxd.it/2a0I,
242,Iron Man,2008,https://boxd.it/28dA,
243,Ferris Bueller's Day Off,1986,https://boxd.it/1YPY,
244,Rogue One: A Star Wars Story,2016,https://boxd.it/aPvy,
245,The Hunger Games,2012,https://boxd.it/2uds,
246,Moneyball,2011,https://boxd.it/glS,
247,The Sound of Music,1965,https://boxd.it/1MLK,
248,21 Jump Street,2012,https://boxd.it/J0,
249,Ted,2012,https://boxd.it/2pgc,
250,Cool Hand Luke,1967,https://boxd.it/29jY,
251,The Hunchback of Notre Dame,1939,https://boxd.it/1ixo,
252,The Princess Bride,1987,https://boxd.it/26EY,
253,Quantum of Solace,2008,https://boxd.it/1Vs8,
254,The Shape of Water,2017,https://boxd.it/dZ5m,
255,Willy Wonka & the Chocolate Factory,1971,https://boxd.it/2aLu,
256,Wayne's World,1992,https://boxd.it/1ZHG,
257,Paul,2011,https://boxd.it/13uE,
258,The Hateful Eight,2015,https://boxd.it/8gw8,
259,Mamma Mia!,2008,https://boxd.it/1Tnq,
260,Koyaanisqatsi,1982,https://boxd.it/1U9E,
261,Pain & Gain,2013,https://boxd.it/4lp4,
262,Hocus Pocus,1993,https://boxd.it/1Wgi,
263,Warcraft,2016,https://boxd.it/2czK,
264,Drive,2011,https://boxd.it/IG,
265,The Da Vinci Code,2006,https://boxd.it/2a3i,
266,Cars,2006,https://boxd.it/29ho,
267,There Will Be Blood,2007,https://boxd.it/20Z2,
268,About a Boy,2002,https://boxd.it/2aMC,
269,Chef,2014,https://boxd.it/6lCG,
270,Australia,2008,https://boxd.it/21fk,
271,Bend It Like Beckham,2002,https://boxd.it/2am0,
272,The Great Gatsby,2013,https://boxd.it/JY,
273,Manhattan,1979,https://boxd.it/29Na,
274,Black Widow,2021,https://boxd.it/hWV8,
275,House of Flying Daggers,2004,https://boxd.it/1YoI,
276,The Nightmare Before Christmas,1993,https://boxd.it/1YzQ,
277,Any Given Sunday,1999,https://boxd.it/1YmC,
278,Dumb and Dumber To,2014,https://boxd.it/3qPk,
279,Chicago,2002,https://boxd.it/28zm,
280,Side Effects,2013,https://boxd.it/3GA6,
281,Batman Returns,1992,https://boxd.it/2awa,
282,Mean Girls,2004,https://boxd.it/1VNg,
283,Argo,2012,https://boxd.it/2czU,
284,The Purge,2013,https://boxd.it/4Xg0,
285,In Bruges,2008,https://boxd.it/20n8,
286,Inside Out,2015,https://boxd.it/4KHC,
287,It's a Wonderful Life,1946,https://boxd.it/28xA,
288,Die Hard,1988,https://boxd.it/2a7u,
289,Elf,2003,https://boxd.it/1VyK,
290,The Polar Express,2004,https://boxd.it/23am,
291,Babe,1995,https://boxd.it/1Yh8,
292,Shazam!,2019,https://boxd.it/8WBu,
293,Home Alone,1990,https://boxd.it/29Fg,
294,Harry Potter and the Goblet of Fire,2005,https://boxd.it/29Qo,
295,300: Rise of an Empire,2014,https://boxd.it/xaC,
296,Top Gun,1986,https://boxd.it/29JC,
297,Manchester by the Sea,2016,https://boxd.it/b2L0,
298,Lady Bird,2017,https://boxd.it/dGNE,
299,Vertigo,1958,https://boxd.it/2apI,
300,Billy Elliot,2000,https://boxd.it/2bdy,
301,Nightcrawler,2014,https://boxd.it/780m,
302,Due Date,2010,https://boxd.it/YFs,
303,My Neighbor Totoro,1988,https://boxd.it/20eA,
304,The Royal Tenenbaums,2001,https://boxd.it/1YHU,
305,Alien,1979,https://boxd.it/2awY,
306,Cake,2014,https://boxd.it/8Naa,
307,Face/Off,1997,https://boxd.it/29I0,
308,In Time,2011,https://boxd.it/FPS,
309,Batman v Superman: Dawn of Justice,2016,https://boxd.it/6fBW,
310,Flash Gordon,1980,https://boxd.it/257a,
311,The Aviator,2004,https://boxd.it/26BU,
312,The Iron Giant,1999,https://boxd.it/1Wow,
313,Indiana Jones and the Temple of Doom,1984,https://boxd.it/2bb8,
314,Ex Machina,2015,https://boxd.it/7T2k,
315,Forrest Gump,1994,https://boxd.it/728,
316,The American,2010,https://boxd.it/dSE,
317,Heat,1995,https://boxd.it/2bg8,
318,Marathon Man,1976,https://boxd.it/1W4c,
319,The English Patient,1996,https://boxd.it/2arE,
320,Finding Nemo,2003,https://boxd.it/72i,
321,"I, Robot",2004,https://boxd.it/27y8,
322,Coraline,2009,https://boxd.it/1NhQ,
323,Lost in Translation,2003,https://boxd.it/2b0E,
324,Fast & Furious 6,2013,https://boxd.it/2UG6,
325,Jarhead,2005,https://boxd.it/70m,
326,Sin City,2005,https://boxd.it/2aVk,
327,Little Miss Sunshine,2006,https://boxd.it/29EW,
328,Step Brothers,2008,https://boxd.it/1SsE,
329,Basic Instinct,1992,https://boxd.it/2asM,
330,GoldenEye,1995,https://boxd.it/29KU,
331,Fantastic Beasts and Where to Find Them,2016,https://boxd.it/7FPC,
332,Amélie,2001,https://boxd.it/2aUc,
333,You've Got Mail,1998,https://boxd.it/1Yye,
334,Akira,1988,https://boxd.it/2b1i,
335,8 Mile,2002,https://boxd.it/2bew,
336,Man of Steel,2013,https://boxd.it/FRk,
337,Under the Skin,2013,https://boxd.it/3mDa,
338,Edward Scissorhands,1990,https://boxd.it/2aZc,
339,The King of Comedy,1982,https://boxd.it/2aJS,
340,Do the Right Thing,1989,https://boxd.it/29gA,
341,Napoleon Dynamite,2004,https://boxd.it/20wu,
342,Ali,2001,https://boxd.it/205e,
343,Prometheus,2012,https://boxd.it/2s9e,
344,A Fish Called Wanda,1988,https://boxd.it/29YC,
345,The Founder,2016,https://boxd.it/9XwM,
346,Glory,1989,https://boxd.it/1Y6u,
347,Zero Dark Thirty,2012,https://boxd.it/3n1w,
348,The Darjeeling Limited,2007,https://boxd.it/24as,
349,Spider-Man: Into the Spider-Verse,2018,https://boxd.it/azpY,
350,Drumline,2002,https://boxd.it/1Q2Y,
351,Erin Brockovich,2000,https://boxd.it/2al2,
352,DodgeBall: A True Underdog Story,2004,https://boxd.it/1YAY,
353,Apollo 13,1995,https://boxd.it/2a6G,
354,Lawrence of Arabia,1962,https://boxd.it/2wRE,
355,The Wiz,1978,https://boxd.it/1wG0,
356,Pirates of the Caribbean: Dead Man's Chest,2006,https://boxd.it/2bfk,
357,The Color Purple,1985,https://boxd.it/29oO,
358,The Hunt for Red October,1990,https://boxd.it/28lk,
359,"I, Tonya",2017,https://boxd.it/dzR0,
360,The Graduate,1967,https://boxd.it/18Im,
361,Kiss Kiss Bang Bang,2005,https://boxd.it/23c8,
362,World War Z,2013,https://boxd.it/2p2E,
363,Mars Attacks!,1996,https://boxd.it/2bd4,
364,Milk,2008,https://boxd.it/1WZC,
365,Team America: World Police,2004,https://boxd.it/24QS,
366,Riddick,2013,https://boxd.it/35Jq,
367,Everything Everywhere All at Once,2022,https://boxd.it/jUk4,
368,Attack the Block,2011,https://boxd.it/hFO,
369,I Know What You Did Last Summer,1997,https://boxd.it/2588,
370,The Girl on the Train,2016,https://boxd.it/bCJY,
371,Ender's Game,2013,https://boxd.it/2N9Y,
372,Rain Man,1988,https://boxd.it/2avw,
373,The Equalizer,2014,https://boxd.it/4TUK,
374,Out of Africa,1985,https://boxd.it/2a0S,
375,Lemony Snicket's A Series of Unfortunate Events,2004,https://boxd.it/1T7s,
376,Close Encounters of the Third Kind,1977,https://boxd.it/29u8,
377,Boyz n the Hood,1991,https://boxd.it/29Ug,
378,Shang-Chi and the Legend of the Ten Rings,2021,https://boxd.it/kLDI,
379,Walk the Line,2005,https://boxd.it/2bdS,
380,"Synecdoche, New York",2008,https://boxd.it/23zw,
381,Ready Player One,2018,https://boxd.it/aZes,
382,Queen of Katwe,2016,https://boxd.it/agW0,
383,RED,2010,https://boxd.it/13uu,
384,Peter Pan,1953,https://boxd.it/1VCC,
385,Assassin's Creed,2016,https://boxd.it/41IK,
386,War of the Worlds,2005,https://boxd.it/2bde,
387,Legally Blonde,2001,https://boxd.it/1ZNa,
388,Free Guy,2021,https://boxd.it/k8dm,
389,The French Dispatch,2021,https://boxd.it/jLP8,
390,Hercules,2014,https://boxd.it/5B7s,
391,Elysium,2013,https://boxd.it/2cBm,
392,Aloha,2015,https://boxd.it/6BQk,
393,Centurion,2010,https://boxd.it/1yPo,
394,Before Sunrise,1995,https://boxd.it/2bcU,
395,Sound of Metal,2019,https://boxd.it/i7Q4,
396,The Place Beyond the Pines,2012,https://boxd.it/3mDu,
397,Ben-Hur,1959,https://boxd.it/29RQ,
398,Beauty and the Beast,2017,https://boxd.it/ar0c,
399,The Best Exotic Marigold Hotel,2011,https://boxd.it/2AJu,
400,Garden State,2004,https://boxd.it/2asW,
401,A.I. Artificial Intelligence,2001,https://boxd.it/29Ve,
402,Car Wash,1976,https://boxd.it/1McA,
403,Con Air,1997,https://boxd.it/28gO,
404,Cleopatra,1963,https://boxd.it/20xM,
405,Fifty Shades of Grey,2015,https://boxd.it/6qLo,
406,Speed Racer,2008,https://boxd.it/20UQ,
407,Toy Story 2,1999,https://boxd.it/29qq,
408,Anna Karenina,2012,https://boxd.it/3lyy,
409,Bridge of Spies,2015,https://boxd.it/9n9C,
410,Brave,2012,https://boxd.it/bVG,
411,The Big Year,2011,https://boxd.it/2wWE,
412,Chappie,2015,https://boxd.it/5Y3e,
413,The Fly,1986,https://boxd.it/1YIe,
414,Gods of Egypt,2016,https://boxd.it/6aje,
415,Inherent Vice,2014,https://boxd.it/5hla,
416,Miami Vice,2006,https://boxd.it/2bbW,
417,Looper,2012,https://boxd.it/ham,
418,A Million Ways to Die in the West,2014,https://boxd.it/5H9k,
419,The Ballad of Buster Scruggs,2018,https://boxd.it/jB2q,
420,Anchorman 2: The Legend Continues,2013,https://boxd.it/3GNk,
421,"Crazy, Stupid, Love.",2011,https://boxd.it/D9A,
422,The Last Samurai,2003,https://boxd.it/29ZA,
423,The Great Muppet Caper,1981,https://boxd.it/1N9i,
424,Snowpiercer,2013,https://boxd.it/3Icg,
425,Almost Famous,2000,https://boxd.it/29CQ,
426,First Man,2018,https://boxd.it/cPym,
427,Hellboy,2004,https://boxd.it/28HK,
428,Trainspotting,1996,https://boxd.it/29XY,
429,Shrek,2001,https://boxd.it/29zi,
430,Pride,2014,https://boxd.it/6TwM,
431,Independence Day,1996,https://boxd.it/2a1w,
432,The Village,2004,https://boxd.it/21iS,
433,Deep Blue Sea,1999,https://boxd.it/1ZBo,
434,Dick Tracy,1990,https://boxd.it/201w,
435,Furious 7,2015,https://boxd.it/5cVs,
436,Fences,2016,https://boxd.it/dL6A,
437,The Green Knight,2021,https://boxd.it/kuy2,
438,The Menu,2022,https://boxd.it/lScm,
439,Ed Wood,1994,https://boxd.it/2adM,
440,Jumanji: Welcome to the Jungle,2017,https://boxd.it/bUeE,
441,Adaptation.,2002,https://boxd.it/26mA,
442,A Wrinkle in Time,2018,https://boxd.it/el46,
443,Big Trouble in Little China,1986,https://boxd.it/21em,
444,Battle Royale,2000,https://boxd.it/25zS,
445,Hacksaw Ridge,2016,https://boxd.it/azew,
446,Limitless,2011,https://boxd.it/Aly,
447,Red Sparrow,2018,https://boxd.it/e7Pi,
448,Deadpool 2,2018,https://boxd.it/dlLM,
449,The Departed,2006,https://boxd.it/28MA,
450,"The Chronicles of Narnia: The Lion, the Witch and the Wardrobe",2005,https://boxd.it/2ark,
451,The Fifth Element,1997,https://boxd.it/71k,
452,Charlie and the Chocolate Factory,2005,https://boxd.it/2b68,
453,Cast Away,2000,https://boxd.it/20i8,
454,Dial M for Murder,1954,https://boxd.it/2adW,
455,Dog Day Afternoon,1975,https://boxd.it/29bg,
456,El Camino: A Breaking Bad Movie,2019,https://boxd.it/kv0q,
457,Philadelphia,1993,https://boxd.it/1XMk,
458,Game Night,2018,https://boxd.it/fRtu,
459,The Godfather: Part III,1990,https://boxd.it/2aN6,
460,Cujo,1983,https://boxd.it/1W8o,
461,Cloud Atlas,2012,https://boxd.it/2W60,
462,Aquaman,2018,https://boxd.it/9ru0,
463,The Curious Case of Benjamin Button,2008,https://boxd.it/23Fk,
464,Bad Times at the El Royale,2018,https://boxd.it/fSA2,
465,The King's Man,2021,https://boxd.it/h714,
466,Creed,2015,https://boxd.it/a2qk,
467,James and the Giant Peach,1996,https://boxd.it/1W0O,
468,Army of Darkness,1992,https://boxd.it/29G4,
469,Big,1988,https://boxd.it/271S,
470,The Lion King,1994,https://boxd.it/201Q,
471,Star Wars: The Force Awakens,2015,https://boxd.it/4vru,
472,Falling Down,1993,https://boxd.it/194M,
473,Dumbo,1941,https://boxd.it/1U2o,
474,The Bling Ring,2013,https://boxd.it/3lPY,
475,Crocodile Dundee,1986,https://boxd.it/1Y5Q,
476,At First Sight,1999,https://boxd.it/1LZG,
477,Beetlejuice,1988,https://boxd.it/24QI,
478,Bedknobs and Broomsticks,1971,https://boxd.it/1S4W,
479,Bill & Ted's Excellent Adventure,1989,https://boxd.it/28oI,
480,Clueless,1995,https://boxd.it/1Ygk,
481,Barry Lyndon,1975,https://boxd.it/25A2,
482,Driving Miss Daisy,1989,https://boxd.it/2asC,
483,Battleship,2012,https://boxd.it/QZ0,
484,Man with a Movie Camera,1929,https://boxd.it/1u7s,
485,Capote,2005,https://boxd.it/2atq,
486,Jackass Presents: Bad Grandpa,2013,https://boxd.it/6e3u,
487,American History X,1998,https://boxd.it/2bdo,
488,Atomic Blonde,2017,https://boxd.it/blDk,
489,Blade,1998,https://boxd.it/1a8A,
490,Avatar: The Way of Water,2022,https://boxd.it/2E2E,
491,Commando,1985,https://boxd.it/1UTs,
492,Dune,2021,https://boxd.it/fA7G,
493,Pulp Fiction,1994,https://boxd.it/29Pq,
494,Cruella,2021,https://boxd.it/bbKg,
495,Deep Cover,1992,https://boxd.it/1D5g,
496,Army of the Dead,2021,https://boxd.it/ic7S,
497,"Girl, Interrupted",1999,https://boxd.it/25ds,
498,Enter the Dragon,1973,https://boxd.it/1YCA,
499,Mr. & Mrs. Smith,2005,https://boxd.it/29CG,
500,Norma Rae,1979,https://boxd.it/10Ow,
501,Man on the Moon,1999,https://boxd.it/281k,
502,After Yang,2021,https://boxd.it/lx5a,
503,Batman & Robin,1997,https://boxd.it/2ar0,
504,Spaceballs,1987,https://boxd.it/29cy,
505,A Star Is Born,1976,https://boxd.it/1EPO,
506,The Age of Adaline,2015,https://boxd.it/9ghu,
507,Begin Again,2013,https://boxd.it/5Ybs,
508,Contagion,2011,https://boxd.it/13rq,
509,Anything Else,2003,https://boxd.it/1Vw0,
510,Disclosure,1994,https://boxd.it/1Zry,
511,The Fugitive,1993,https://boxd.it/230G,
512,Gattaca,1997,https://boxd.it/29Du,
513,Hitman: Agent 47,2015,https://boxd.it/7iA0,
514,Mary Poppins,1964,https://boxd.it/2aoA,
515,Watchmen,2009,https://boxd.it/1QE4,
516,Xanadu,1980,https://boxd.it/1LMs,
517,Saturday Night Fever,1977,https://boxd.it/1URQ,
518,This Is England,2006,https://boxd.it/1T44,
519,Hook,1991,https://boxd.it/29nQ,
520,Hustle & Flow,2005,https://boxd.it/1Wau,
521,Batman,1989,https://boxd.it/2aIU,
522,Friday,1995,https://boxd.it/1VLO,
523,Gangs of New York,2002,https://boxd.it/25FG,
524,The Impossible,2012,https://boxd.it/2N9k,
525,The Interview,2014,https://boxd.it/6KQ4,
526,Jack Reacher,2012,https://boxd.it/2BUo,
527,Baywatch,2017,https://boxd.it/biG6,
528,Blazing Saddles,1974,https://boxd.it/1UHQ,
529,Collateral,2004,https://boxd.it/28F0,
530,Coming 2 America,2021,https://boxd.it/hrdu,
531,Dallas Buyers Club,2013,https://boxd.it/4O8G,
532,The Help,2011,https://boxd.it/EDm,
533,Don Jon,2013,https://boxd.it/4sdk,
534,Empire of the Sun,1987,https://boxd.it/1X4i,
535,The Prince of Egypt,1998,https://boxd.it/1XGQ,
536,Bad Moms,2016,https://boxd.it/d5nk,
537,Dead Presidents,1995,https://boxd.it/1TQi,
538,The Favourite,2018,https://boxd.it/d2hI,
539,Eastern Promises,2007,https://boxd.it/275q,
540,Coming to America,1988,https://boxd.it/1Ygu,
541,American Ultra,2015,https://boxd.it/7KXc,
542,A Bug's Life,1998,https://boxd.it/1Yyy,
543,Deliverance,1972,https://boxd.it/1VGk,
544,Spider-Man,2002,https://boxd.it/2a8i,
545,Spotlight,2015,https://boxd.it/a84k,
546,My Dinner with Andre,1981,https://boxd.it/1vLe,
547,Pearl Harbor,2001,https://boxd.it/29Q4,
548,Magic Mike,2012,https://boxd.it/2HvY,
549,Glengarry Glen Ross,1992,https://boxd.it/1Yw8,
550,In the Mood for Love,2000,https://boxd.it/29tE,
551,Shrek 2,2004,https://boxd.it/29z8,
552,Get on Up,2014,https://boxd.it/73bO,
553,The Brothers Grimm,2005,https://boxd.it/24kW,
554,Office Space,1999,https://boxd.it/28Em,
555,Cocaine Bear,2023,https://boxd.it/ugw2,
556,The Karate Kid,1984,https://boxd.it/27Wk,
557,The Sea Beast,2022,https://boxd.it/kv3a,
558,Lilo & Stitch,2002,https://boxd.it/1TAY,
559,Blow Out,1981,https://boxd.it/1TlE,
560,Fall,2022,https://boxd.it/Bf6G,
561,The Expendables 3,2014,https://boxd.it/4rmK,
562,I Give It a Year,2013,https://boxd.it/4KaS,
563,Clash of the Titans,2010,https://boxd.it/1GfI,
564,Constantine,2005,https://boxd.it/2a7E,
565,The Kids Are All Right,2010,https://boxd.it/13f0,
566,The Bourne Identity,2002,https://boxd.it/26EO,
567,Beauty and the Beast,1991,https://boxd.it/1XhG,
568,Finding Forrester,2000,https://boxd.it/29KK,
569,Blonde,2022,https://boxd.it/9AG0,
570,Before Sunset,2004,https://boxd.it/2bcg,
571,The Accountant,2016,https://boxd.it/9EhI,
572,Crimson Tide,1995,https://boxd.it/1ZuM,
573,Dogville,2003,https://boxd.it/2a8W,
574,Doctor Strange,2016,https://boxd.it/8MH8,
575,Bohemian Rhapsody,2018,https://boxd.it/f1TK,
576,The Assassination of Jesse James by the Coward Robert Ford,2007,https://boxd.it/24dG,
577,It Chapter Two,2019,https://boxd.it/h10u,
578,Cinderella,1950,https://boxd.it/1Uki,
579,The Book of Eli,2010,https://boxd.it/1Dnu,
580,Big Fish,2003,https://boxd.it/2a3M,
581,Promised Land,2012,https://boxd.it/4kw4,
582,Breakfast at Tiffany's,1961,https://boxd.it/2aYS,
583,The Strangers,2008,https://boxd.it/1VGY,
584,Bridesmaids,2011,https://boxd.it/rac,
585,Diamonds Are Forever,1971,https://boxd.it/29Pg,
586,Minority Report,2002,https://boxd.it/2aWi,
587,Creature from the Black Lagoon,1954,https://boxd.it/1UXk,
588,Deepwater Horizon,2016,https://boxd.it/9oiU,
589,The Lion King,2019,https://boxd.it/eSjI,
590,Encanto,2021,https://boxd.it/kPRu,
591,The Boxer,1997,https://boxd.it/1Jo4,
592,Despicable Me,2010,https://boxd.it/1DD8,
593,Badlands,1973,https://boxd.it/25Fm,
594,The Evil Dead,1981,https://boxd.it/29Go,
595,Arachnophobia,1990,https://boxd.it/21Co,
596,Eraserhead,1977,https://boxd.it/299u,
597,The Fog,1980,https://boxd.it/29Cc,
598,Panic Room,2002,https://boxd.it/2490,
599,Don't Breathe,2016,https://boxd.it/9yzw,
600,Donnie Brasco,1997,https://boxd.it/1YRA,
601,Fury,2014,https://boxd.it/6JwC,
602,Train to Busan,2016,https://boxd.it/dSQU,
603,Dracula,1931,https://boxd.it/2b34,
604,Wallace & Gromit: The Curse of the Were-Rabbit,2005,https://boxd.it/2ac0,
605,Election,1999,https://boxd.it/1YEc,
606,About Schmidt,2002,https://boxd.it/26mU,
607,Nebraska,2013,https://boxd.it/4exq,
608,The Descendants,2011,https://boxd.it/4Ba,
609,Sideways,2004,https://boxd.it/1Y5c,
610,Barbie,2023,https://boxd.it/bCLK,
611,The Blues Brothers,1980,https://boxd.it/2adi,
612,Away We Go,2009,https://boxd.it/1FpW,
613,Beautiful Creatures,2013,https://boxd.it/3GIk,
614,Black Hawk Down,2001,https://boxd.it/29rI,
615,As Tears Go By,1988,https://boxd.it/1ybI,
616,Mulholland Drive,2001,https://boxd.it/297o,
617,Æon Flux,2005,https://boxd.it/20vc,
618,Only God Forgives,2013,https://boxd.it/2HBs,
619,Pacific Rim,2013,https://boxd.it/2cB2,
620,Mad Max Beyond Thunderdome,1985,https://boxd.it/1YTm,
621,Pinocchio,1940,https://boxd.it/1V8C,
622,"tick, tick...BOOM!",2021,https://boxd.it/jz2e,
623,The Green Hornet,2011,https://boxd.it/10TQ,
624,"Lock, Stock and Two Smoking Barrels",1998,https://boxd.it/2b92,
625,Monsters vs Aliens,2009,https://boxd.it/1M50,
626,Jumanji,1995,https://boxd.it/1ZLI,
627,The Fighter,2010,https://boxd.it/PP4,
628,Maleficent,2014,https://boxd.it/3v1u,
629,Trance,2013,https://boxd.it/2cAS,
630,The Maze Runner,2014,https://boxd.it/5YPM,
631,The Legend of Tarzan,2016,https://boxd.it/7DUU,
632,Million Dollar Baby,2004,https://boxd.it/2bdI,
633,Fallen Angels,1995,https://boxd.it/1UkW,
634,The Sugarland Express,1974,https://boxd.it/23la,
635,The Thin Red Line,1998,https://boxd.it/1ZTM,
636,Hell or High Water,2016,https://boxd.it/bfGM,
637,Jungle Fever,1991,https://boxd.it/28fG,
638,King Richard,2021,https://boxd.it/mJZ2,
639,Licence to Kill,1989,https://boxd.it/29L4,
640,The Life Aquatic with Steve Zissou,2004,https://boxd.it/2aqw,
641,Nomadland,2020,https://boxd.it/lnRy,
642,Princess Mononoke,1997,https://boxd.it/2b4w,
643,RED 2,2013,https://boxd.it/4E4E,
644,ParaNorman,2012,https://boxd.it/2FuY,
645,Barton Fink,1991,https://boxd.it/2aFQ,
646,The Color of Money,1986,https://boxd.it/1SSM,
647,Nightmare Alley,2021,https://boxd.it/m0HC,
648,Once Upon a Time… in Hollywood,2019,https://boxd.it/gH0O,
649,Foxcatcher,2014,https://boxd.it/35Di,
650,Battle of the Sexes,2017,https://boxd.it/cNxw,
651,The Killing of a Sacred Deer,2017,https://boxd.it/dZ5G,
652,Black Christmas,1974,https://boxd.it/1Js6,
653,White Christmas,1954,https://boxd.it/1Qky,
654,Scrooged,1988,https://boxd.it/1Y9e,
655,Christopher Robin,2018,https://boxd.it/eSj4,
656,"Hail, Caesar!",2016,https://boxd.it/881G,
657,Mean Streets,1973,https://boxd.it/2aSU,
658,No Strings Attached,2011,https://boxd.it/YUs,
659,Spectre,2015,https://boxd.it/6bXY,
660,Sleepy Hollow,1999,https://boxd.it/26u0,
661,Dazed and Confused,1993,https://boxd.it/1Ylk,
662,Wreck-It Ralph,2012,https://boxd.it/2TTS,
663,Unstoppable,2010,https://boxd.it/SVO,
664,Training Day,2001,https://boxd.it/27A4,
665,Tinker Tailor Soldier Spy,2011,https://boxd.it/FRY,
666,Tenet,2020,https://boxd.it/leq4,
667,Alita: Battle Angel,2019,https://boxd.it/e0rS,
668,The Full Monty,1997,https://boxd.it/1YI4,
669,Doctor Sleep,2019,https://boxd.it/i5vI,
670,Magnolia,1999,https://boxd.it/2aze,
671,Birth,2004,https://boxd.it/1VvQ,
672,Dirty Rotten Scoundrels,1988,https://boxd.it/1WZi,
673,Spider-Man: Across the Spider-Verse,2023,https://boxd.it/kSz4,
674,Before Midnight,2013,https://boxd.it/4ive,
